Epoch,Training RMSE,Validation RMSE,Hidden Size,Number of Layers,Learning Rate,Sequence Length,Batch Size
50,0.5767,0.5277,32,1,1e-05,60,32
100,0.4590,0.4623,32,1,1e-05,60,32
150,0.4256,0.4368,32,1,1e-05,60,32
200,0.4027,0.4329,32,1,1e-05,60,32
250,0.3844,0.4347,32,1,1e-05,60,32
300,0.3681,0.4347,32,1,1e-05,60,32
350,0.3530,0.4309,32,1,1e-05,60,32
400,0.3387,0.4242,32,1,1e-05,60,32
450,0.3248,0.4163,32,1,1e-05,60,32
500,0.3114,0.4091,32,1,1e-05,60,32
550,0.2988,0.4035,32,1,1e-05,60,32
600,0.2868,0.3997,32,1,1e-05,60,32
50,0.3895,0.4351,32,1,5e-05,60,32
100,0.3169,0.4106,32,1,5e-05,60,32
150,0.2636,0.3967,32,1,5e-05,60,32
200,0.2341,0.3954,32,1,5e-05,60,32
250,0.2130,0.3974,32,1,5e-05,60,32
300,0.1945,0.4004,32,1,5e-05,60,32
350,0.1775,0.4072,32,1,5e-05,60,32
400,0.1634,0.4182,32,1,5e-05,60,32
450,0.1537,0.4224,32,1,5e-05,60,32
500,0.1467,0.4245,32,1,5e-05,60,32
550,0.1406,0.4327,32,1,5e-05,60,32
600,0.1355,0.4254,32,1,5e-05,60,32
50,0.3250,0.4108,32,1,0.0001,60,32
100,0.2413,0.3955,32,1,0.0001,60,32
150,0.1977,0.3978,32,1,0.0001,60,32
200,0.1661,0.4030,32,1,0.0001,60,32
250,0.1503,0.4068,32,1,0.0001,60,32
300,0.1393,0.4153,32,1,0.0001,60,32
350,0.1301,0.4145,32,1,0.0001,60,32
400,0.1225,0.4170,32,1,0.0001,60,32
450,0.1174,0.4222,32,1,0.0001,60,32
500,0.1120,0.4327,32,1,0.0001,60,32
550,0.1112,0.4315,32,1,0.0001,60,32
600,0.1097,0.4343,32,1,0.0001,60,32
50,0.2273,0.3880,32,1,0.0003,60,32
100,0.1559,0.3970,32,1,0.0003,60,32
150,0.1372,0.4070,32,1,0.0003,60,32
200,0.1162,0.4229,32,1,0.0003,60,32
250,0.1061,0.4585,32,1,0.0003,60,32
300,0.1011,0.4915,32,1,0.0003,60,32
350,0.0934,0.5173,32,1,0.0003,60,32
400,0.0907,0.5254,32,1,0.0003,60,32
450,0.0773,0.5445,32,1,0.0003,60,32
500,0.0763,0.5478,32,1,0.0003,60,32
550,0.0797,0.5505,32,1,0.0003,60,32
600,0.0739,0.5565,32,1,0.0003,60,32
50,0.1761,0.3883,32,1,0.0005,60,32
100,0.1427,0.4286,32,1,0.0005,60,32
150,0.1227,0.4301,32,1,0.0005,60,32
200,0.0958,0.4591,32,1,0.0005,60,32
250,0.0871,0.4933,32,1,0.0005,60,32
300,0.0913,0.4933,32,1,0.0005,60,32
350,0.0756,0.5179,32,1,0.0005,60,32
400,0.0748,0.5147,32,1,0.0005,60,32
450,0.0828,0.5147,32,1,0.0005,60,32
500,0.0646,0.5332,32,1,0.0005,60,32
550,0.0671,0.5315,32,1,0.0005,60,32
600,0.0865,0.5368,32,1,0.0005,60,32
50,0.1420,0.4018,32,1,0.001,60,32
100,0.1105,0.4379,32,1,0.001,60,32
150,0.1023,0.4452,32,1,0.001,60,32
200,0.0985,0.4410,32,1,0.001,60,32
250,0.0870,0.4466,32,1,0.001,60,32
300,0.0900,0.4489,32,1,0.001,60,32
350,0.0881,0.4510,32,1,0.001,60,32
400,0.0708,0.4394,32,1,0.001,60,32
450,0.0819,0.4390,32,1,0.001,60,32
500,0.0781,0.4434,32,1,0.001,60,32
550,0.0851,0.4467,32,1,0.001,60,32
600,0.0744,0.4431,32,1,0.001,60,32
50,0.4825,0.5201,32,2,1e-05,60,32
100,0.4158,0.4532,32,2,1e-05,60,32
150,0.3863,0.4466,32,2,1e-05,60,32
200,0.3662,0.4415,32,2,1e-05,60,32
250,0.3472,0.4339,32,2,1e-05,60,32
300,0.3287,0.4255,32,2,1e-05,60,32
350,0.3114,0.4177,32,2,1e-05,60,32
400,0.2957,0.4120,32,2,1e-05,60,32
450,0.2820,0.4086,32,2,1e-05,60,32
500,0.2697,0.4066,32,2,1e-05,60,32
550,0.2588,0.4051,32,2,1e-05,60,32
600,0.2491,0.4035,32,2,1e-05,60,32
50,0.3576,0.4329,32,2,5e-05,60,32
100,0.2849,0.4016,32,2,5e-05,60,32
150,0.2435,0.3921,32,2,5e-05,60,32
200,0.2110,0.3891,32,2,5e-05,60,32
250,0.1857,0.3944,32,2,5e-05,60,32
300,0.1657,0.4092,32,2,5e-05,60,32
350,0.1518,0.4263,32,2,5e-05,60,32
400,0.1426,0.4369,32,2,5e-05,60,32
450,0.1359,0.4430,32,2,5e-05,60,32
500,0.1308,0.4461,32,2,5e-05,60,32
550,0.1262,0.4517,32,2,5e-05,60,32
600,0.1223,0.4596,32,2,5e-05,60,32
50,0.2977,0.3992,32,2,0.0001,60,32
100,0.2257,0.3876,32,2,0.0001,60,32
150,0.1694,0.4043,32,2,0.0001,60,32
200,0.1460,0.4265,32,2,0.0001,60,32
250,0.1365,0.4384,32,2,0.0001,60,32
300,0.1286,0.4257,32,2,0.0001,60,32
350,0.1201,0.4325,32,2,0.0001,60,32
400,0.1171,0.4421,32,2,0.0001,60,32
450,0.1098,0.4408,32,2,0.0001,60,32
500,0.1033,0.4539,32,2,0.0001,60,32
550,0.0954,0.4634,32,2,0.0001,60,32
600,0.0947,0.4673,32,2,0.0001,60,32
50,0.2164,0.3912,32,2,0.0003,60,32
100,0.1574,0.4080,32,2,0.0003,60,32
150,0.1258,0.4188,32,2,0.0003,60,32
200,0.1148,0.4281,32,2,0.0003,60,32
250,0.0969,0.4366,32,2,0.0003,60,32
300,0.0814,0.4549,32,2,0.0003,60,32
350,0.0852,0.4638,32,2,0.0003,60,32
400,0.0740,0.4701,32,2,0.0003,60,32
450,0.0819,0.4756,32,2,0.0003,60,32
500,0.0758,0.4727,32,2,0.0003,60,32
550,0.0667,0.4819,32,2,0.0003,60,32
600,0.0682,0.4839,32,2,0.0003,60,32
50,0.1653,0.4017,32,2,0.0005,60,32
100,0.1180,0.4195,32,2,0.0005,60,32
150,0.1018,0.4109,32,2,0.0005,60,32
200,0.1044,0.4093,32,2,0.0005,60,32
250,0.0961,0.4094,32,2,0.0005,60,32
300,0.0815,0.4125,32,2,0.0005,60,32
350,0.0679,0.4138,32,2,0.0005,60,32
400,0.0657,0.4180,32,2,0.0005,60,32
450,0.0767,0.4191,32,2,0.0005,60,32
500,0.0670,0.4370,32,2,0.0005,60,32
550,0.0642,0.4344,32,2,0.0005,60,32
600,0.0786,0.4524,32,2,0.0005,60,32
50,0.1667,0.3965,32,2,0.001,60,32
100,0.1331,0.4321,32,2,0.001,60,32
150,0.1086,0.4422,32,2,0.001,60,32
200,0.0915,0.4179,32,2,0.001,60,32
250,0.1018,0.4219,32,2,0.001,60,32
300,0.0849,0.4144,32,2,0.001,60,32
350,0.0896,0.4142,32,2,0.001,60,32
400,0.0750,0.4197,32,2,0.001,60,32
450,0.0824,0.4045,32,2,0.001,60,32
500,0.0617,0.4017,32,2,0.001,60,32
550,0.0668,0.4122,32,2,0.001,60,32
600,0.0641,0.4185,32,2,0.001,60,32
50,0.4751,0.5049,32,3,1e-05,60,32
100,0.4116,0.4665,32,3,1e-05,60,32
150,0.3856,0.4682,32,3,1e-05,60,32
200,0.3641,0.4617,32,3,1e-05,60,32
250,0.3443,0.4522,32,3,1e-05,60,32
300,0.3262,0.4413,32,3,1e-05,60,32
350,0.3099,0.4306,32,3,1e-05,60,32
400,0.2951,0.4215,32,3,1e-05,60,32
450,0.2816,0.4143,32,3,1e-05,60,32
500,0.2695,0.4088,32,3,1e-05,60,32
550,0.2586,0.4045,32,3,1e-05,60,32
600,0.2483,0.4005,32,3,1e-05,60,32
50,0.3573,0.4482,32,3,5e-05,60,32
100,0.2867,0.4046,32,3,5e-05,60,32
150,0.2407,0.3896,32,3,5e-05,60,32
200,0.2057,0.3823,32,3,5e-05,60,32
250,0.1839,0.3855,32,3,5e-05,60,32
300,0.1680,0.3890,32,3,5e-05,60,32
350,0.1530,0.3940,32,3,5e-05,60,32
400,0.1472,0.4035,32,3,5e-05,60,32
450,0.1399,0.4089,32,3,5e-05,60,32
500,0.1339,0.4138,32,3,5e-05,60,32
550,0.1283,0.4181,32,3,5e-05,60,32
600,0.1232,0.4220,32,3,5e-05,60,32
50,0.3013,0.4041,32,3,0.0001,60,32
100,0.2176,0.3884,32,3,0.0001,60,32
150,0.1755,0.3972,32,3,0.0001,60,32
200,0.1593,0.4086,32,3,0.0001,60,32
250,0.1400,0.4167,32,3,0.0001,60,32
300,0.1274,0.4297,32,3,0.0001,60,32
350,0.1189,0.4287,32,3,0.0001,60,32
400,0.1129,0.4266,32,3,0.0001,60,32
450,0.1039,0.4338,32,3,0.0001,60,32
500,0.1026,0.4406,32,3,0.0001,60,32
550,0.0991,0.4474,32,3,0.0001,60,32
600,0.0916,0.4429,32,3,0.0001,60,32
50,0.2018,0.3874,32,3,0.0003,60,32
100,0.1503,0.4063,32,3,0.0003,60,32
150,0.1197,0.4396,32,3,0.0003,60,32
200,0.1009,0.4480,32,3,0.0003,60,32
250,0.0976,0.4471,32,3,0.0003,60,32
300,0.0824,0.4573,32,3,0.0003,60,32
350,0.0818,0.4642,32,3,0.0003,60,32
400,0.0736,0.4730,32,3,0.0003,60,32
450,0.0678,0.4681,32,3,0.0003,60,32
500,0.0710,0.4684,32,3,0.0003,60,32
550,0.0682,0.4751,32,3,0.0003,60,32
600,0.0651,0.4749,32,3,0.0003,60,32
50,0.1905,0.4024,32,3,0.0005,60,32
100,0.1235,0.4178,32,3,0.0005,60,32
150,0.1195,0.4391,32,3,0.0005,60,32
200,0.1074,0.4512,32,3,0.0005,60,32
250,0.0785,0.4615,32,3,0.0005,60,32
300,0.0789,0.4763,32,3,0.0005,60,32
350,0.0892,0.4544,32,3,0.0005,60,32
400,0.0728,0.4693,32,3,0.0005,60,32
450,0.0707,0.4632,32,3,0.0005,60,32
500,0.0736,0.4714,32,3,0.0005,60,32
550,0.0575,0.4641,32,3,0.0005,60,32
600,0.0684,0.4532,32,3,0.0005,60,32
50,0.1466,0.4019,32,3,0.001,60,32
100,0.1085,0.4319,32,3,0.001,60,32
150,0.1067,0.4393,32,3,0.001,60,32
200,0.0681,0.4425,32,3,0.001,60,32
250,0.0770,0.4444,32,3,0.001,60,32
300,0.0810,0.4383,32,3,0.001,60,32
350,0.0686,0.4430,32,3,0.001,60,32
400,0.0702,0.4385,32,3,0.001,60,32
450,0.0565,0.4450,32,3,0.001,60,32
500,0.0619,0.4459,32,3,0.001,60,32
550,0.0494,0.4362,32,3,0.001,60,32
600,0.0548,0.4372,32,3,0.001,60,32
50,0.4460,0.4934,64,1,1e-05,60,32
100,0.3955,0.4465,64,1,1e-05,60,32
150,0.3624,0.4347,64,1,1e-05,60,32
200,0.3324,0.4180,64,1,1e-05,60,32
250,0.3024,0.4020,64,1,1e-05,60,32
300,0.2770,0.3953,64,1,1e-05,60,32
350,0.2605,0.3946,64,1,1e-05,60,32
400,0.2492,0.3949,64,1,1e-05,60,32
450,0.2396,0.3949,64,1,1e-05,60,32
500,0.2310,0.3946,64,1,1e-05,60,32
550,0.2231,0.3940,64,1,1e-05,60,32
600,0.2161,0.3932,64,1,1e-05,60,32
50,0.3256,0.4079,64,1,5e-05,60,32
100,0.2535,0.3958,64,1,5e-05,60,32
150,0.2134,0.4044,64,1,5e-05,60,32
200,0.1877,0.4298,64,1,5e-05,60,32
250,0.1658,0.4166,64,1,5e-05,60,32
300,0.1550,0.4147,64,1,5e-05,60,32
350,0.1479,0.4163,64,1,5e-05,60,32
400,0.1421,0.4128,64,1,5e-05,60,32
450,0.1351,0.4169,64,1,5e-05,60,32
500,0.1297,0.4185,64,1,5e-05,60,32
550,0.1256,0.4207,64,1,5e-05,60,32
600,0.1183,0.4251,64,1,5e-05,60,32
50,0.2808,0.3944,64,1,0.0001,60,32
100,0.2022,0.4297,64,1,0.0001,60,32
150,0.1720,0.4158,64,1,0.0001,60,32
200,0.1443,0.4076,64,1,0.0001,60,32
250,0.1309,0.4169,64,1,0.0001,60,32
300,0.1185,0.4185,64,1,0.0001,60,32
350,0.1128,0.4264,64,1,0.0001,60,32
400,0.0997,0.4332,64,1,0.0001,60,32
450,0.0970,0.4445,64,1,0.0001,60,32
500,0.0925,0.4614,64,1,0.0001,60,32
550,0.0887,0.4778,64,1,0.0001,60,32
600,0.0870,0.4848,64,1,0.0001,60,32
50,0.1868,0.4492,64,1,0.0003,60,32
100,0.1443,0.4212,64,1,0.0003,60,32
150,0.1271,0.4313,64,1,0.0003,60,32
200,0.1019,0.4134,64,1,0.0003,60,32
250,0.0952,0.4027,64,1,0.0003,60,32
300,0.0866,0.3998,64,1,0.0003,60,32
350,0.0969,0.3919,64,1,0.0003,60,32
400,0.0746,0.3967,64,1,0.0003,60,32
450,0.0764,0.3987,64,1,0.0003,60,32
500,0.0714,0.4099,64,1,0.0003,60,32
550,0.0681,0.4083,64,1,0.0003,60,32
600,0.0706,0.4105,64,1,0.0003,60,32
50,0.1955,0.4103,64,1,0.0005,60,32
100,0.1178,0.4604,64,1,0.0005,60,32
150,0.1117,0.4752,64,1,0.0005,60,32
200,0.0978,0.4629,64,1,0.0005,60,32
250,0.0880,0.4542,64,1,0.0005,60,32
300,0.0783,0.4600,64,1,0.0005,60,32
350,0.0885,0.4696,64,1,0.0005,60,32
400,0.0818,0.4810,64,1,0.0005,60,32
450,0.0722,0.4720,64,1,0.0005,60,32
500,0.0758,0.4634,64,1,0.0005,60,32
550,0.0681,0.4675,64,1,0.0005,60,32
600,0.0700,0.4752,64,1,0.0005,60,32
50,0.1438,0.4059,64,1,0.001,60,32
100,0.1315,0.4390,64,1,0.001,60,32
150,0.1133,0.4435,64,1,0.001,60,32
200,0.1058,0.4770,64,1,0.001,60,32
250,0.1094,0.4694,64,1,0.001,60,32
300,0.0850,0.4515,64,1,0.001,60,32
350,0.0795,0.4524,64,1,0.001,60,32
400,0.0740,0.4584,64,1,0.001,60,32
450,0.0766,0.4368,64,1,0.001,60,32
500,0.0820,0.4622,64,1,0.001,60,32
550,0.0693,0.4576,64,1,0.001,60,32
600,0.0664,0.4356,64,1,0.001,60,32
50,0.4234,0.4730,64,2,1e-05,60,32
100,0.3715,0.4486,64,2,1e-05,60,32
150,0.3344,0.4339,64,2,1e-05,60,32
200,0.2997,0.4118,64,2,1e-05,60,32
250,0.2715,0.4027,64,2,1e-05,60,32
300,0.2498,0.3982,64,2,1e-05,60,32
350,0.2345,0.3952,64,2,1e-05,60,32
400,0.2232,0.3942,64,2,1e-05,60,32
450,0.2146,0.3942,64,2,1e-05,60,32
500,0.2077,0.3945,64,2,1e-05,60,32
550,0.2018,0.3946,64,2,1e-05,60,32
600,0.1966,0.3944,64,2,1e-05,60,32
50,0.3069,0.4018,64,2,5e-05,60,32
100,0.2378,0.4023,64,2,5e-05,60,32
150,0.1978,0.4596,64,2,5e-05,60,32
200,0.1732,0.4165,64,2,5e-05,60,32
250,0.1698,0.3993,64,2,5e-05,60,32
300,0.1476,0.4035,64,2,5e-05,60,32
350,0.1425,0.3968,64,2,5e-05,60,32
400,0.1363,0.4044,64,2,5e-05,60,32
450,0.1242,0.4102,64,2,5e-05,60,32
500,0.1111,0.4207,64,2,5e-05,60,32
550,0.1206,0.4299,64,2,5e-05,60,32
600,0.1030,0.4331,64,2,5e-05,60,32
50,0.2671,0.3950,64,2,0.0001,60,32
100,0.1843,0.4715,64,2,0.0001,60,32
150,0.1547,0.4202,64,2,0.0001,60,32
200,0.1351,0.4339,64,2,0.0001,60,32
250,0.1199,0.4519,64,2,0.0001,60,32
300,0.1043,0.4624,64,2,0.0001,60,32
350,0.0997,0.4693,64,2,0.0001,60,32
400,0.0892,0.4703,64,2,0.0001,60,32
450,0.0799,0.4772,64,2,0.0001,60,32
500,0.0831,0.4778,64,2,0.0001,60,32
550,0.0766,0.4839,64,2,0.0001,60,32
600,0.0760,0.4754,64,2,0.0001,60,32
50,0.1626,0.4379,64,2,0.0003,60,32
100,0.1451,0.4839,64,2,0.0003,60,32
150,0.1055,0.4378,64,2,0.0003,60,32
200,0.0898,0.4469,64,2,0.0003,60,32
250,0.1018,0.4557,64,2,0.0003,60,32
300,0.1070,0.4618,64,2,0.0003,60,32
350,0.0771,0.4339,64,2,0.0003,60,32
400,0.0691,0.4373,64,2,0.0003,60,32
450,0.0664,0.4344,64,2,0.0003,60,32
500,0.0670,0.4444,64,2,0.0003,60,32
550,0.0623,0.4417,64,2,0.0003,60,32
600,0.0658,0.4400,64,2,0.0003,60,32
50,0.1598,0.4448,64,2,0.0005,60,32
100,0.1276,0.4459,64,2,0.0005,60,32
150,0.0906,0.4491,64,2,0.0005,60,32
200,0.0831,0.4505,64,2,0.0005,60,32
250,0.0787,0.4399,64,2,0.0005,60,32
300,0.0909,0.4447,64,2,0.0005,60,32
350,0.0753,0.4371,64,2,0.0005,60,32
400,0.0756,0.4398,64,2,0.0005,60,32
450,0.0660,0.4433,64,2,0.0005,60,32
500,0.0644,0.4343,64,2,0.0005,60,32
550,0.0620,0.4522,64,2,0.0005,60,32
600,0.0618,0.4572,64,2,0.0005,60,32
50,0.1731,0.4043,64,2,0.001,60,32
100,0.1268,0.4227,64,2,0.001,60,32
150,0.0986,0.4150,64,2,0.001,60,32
200,0.0839,0.4318,64,2,0.001,60,32
250,0.0754,0.4162,64,2,0.001,60,32
300,0.0751,0.4231,64,2,0.001,60,32
350,0.0825,0.4157,64,2,0.001,60,32
400,0.0720,0.4121,64,2,0.001,60,32
450,0.0434,0.4216,64,2,0.001,60,32
500,0.0548,0.4102,64,2,0.001,60,32
550,0.0568,0.4073,64,2,0.001,60,32
600,0.0694,0.4265,64,2,0.001,60,32
50,0.4096,0.4722,64,3,1e-05,60,32
100,0.3648,0.4663,64,3,1e-05,60,32
150,0.3271,0.4347,64,3,1e-05,60,32
200,0.2953,0.4150,64,3,1e-05,60,32
250,0.2720,0.4151,64,3,1e-05,60,32
300,0.2538,0.4145,64,3,1e-05,60,32
350,0.2381,0.4133,64,3,1e-05,60,32
400,0.2257,0.4134,64,3,1e-05,60,32
450,0.2163,0.4139,64,3,1e-05,60,32
500,0.2081,0.4129,64,3,1e-05,60,32
550,0.2002,0.4099,64,3,1e-05,60,32
600,0.1923,0.4053,64,3,1e-05,60,32
50,0.3095,0.4101,64,3,5e-05,60,32
100,0.2364,0.4190,64,3,5e-05,60,32
150,0.1979,0.4166,64,3,5e-05,60,32
200,0.1610,0.4064,64,3,5e-05,60,32
250,0.1526,0.4169,64,3,5e-05,60,32
300,0.1328,0.4073,64,3,5e-05,60,32
350,0.1271,0.4056,64,3,5e-05,60,32
400,0.1171,0.4090,64,3,5e-05,60,32
450,0.1103,0.4197,64,3,5e-05,60,32
500,0.1135,0.4178,64,3,5e-05,60,32
550,0.1049,0.4179,64,3,5e-05,60,32
600,0.1018,0.4242,64,3,5e-05,60,32
50,0.2668,0.4057,64,3,0.0001,60,32
100,0.1758,0.4072,64,3,0.0001,60,32
150,0.1685,0.3949,64,3,0.0001,60,32
200,0.1370,0.4016,64,3,0.0001,60,32
250,0.1220,0.4164,64,3,0.0001,60,32
300,0.1147,0.4224,64,3,0.0001,60,32
350,0.0939,0.4235,64,3,0.0001,60,32
400,0.0974,0.4269,64,3,0.0001,60,32
450,0.0765,0.4288,64,3,0.0001,60,32
500,0.0703,0.4317,64,3,0.0001,60,32
550,0.0828,0.4334,64,3,0.0001,60,32
600,0.0904,0.4353,64,3,0.0001,60,32
50,0.1916,0.4226,64,3,0.0003,60,32
100,0.1260,0.4608,64,3,0.0003,60,32
150,0.1132,0.4621,64,3,0.0003,60,32
200,0.0800,0.4633,64,3,0.0003,60,32
250,0.0862,0.4588,64,3,0.0003,60,32
300,0.0702,0.4474,64,3,0.0003,60,32
350,0.0738,0.4527,64,3,0.0003,60,32
400,0.0594,0.4491,64,3,0.0003,60,32
450,0.0835,0.4510,64,3,0.0003,60,32
500,0.0571,0.4527,64,3,0.0003,60,32
550,0.0606,0.4556,64,3,0.0003,60,32
600,0.0535,0.4543,64,3,0.0003,60,32
50,0.1945,0.4502,64,3,0.0005,60,32
100,0.1442,0.4132,64,3,0.0005,60,32
150,0.1182,0.4288,64,3,0.0005,60,32
200,0.0981,0.4484,64,3,0.0005,60,32
250,0.0689,0.4424,64,3,0.0005,60,32
300,0.0700,0.4320,64,3,0.0005,60,32
350,0.0715,0.4315,64,3,0.0005,60,32
400,0.0695,0.4260,64,3,0.0005,60,32
450,0.0684,0.4360,64,3,0.0005,60,32
500,0.0476,0.4294,64,3,0.0005,60,32
550,0.0497,0.4334,64,3,0.0005,60,32
600,0.0383,0.4434,64,3,0.0005,60,32
50,0.2647,0.3939,64,3,0.001,60,32
100,0.1387,0.4101,64,3,0.001,60,32
150,0.1107,0.4087,64,3,0.001,60,32
200,0.0732,0.4153,64,3,0.001,60,32
250,0.0975,0.4137,64,3,0.001,60,32
300,0.0680,0.4120,64,3,0.001,60,32
350,0.0632,0.4091,64,3,0.001,60,32
400,0.0584,0.4131,64,3,0.001,60,32
450,0.0553,0.4122,64,3,0.001,60,32
500,0.0523,0.4202,64,3,0.001,60,32
550,0.0489,0.4140,64,3,0.001,60,32
600,0.0528,0.4197,64,3,0.001,60,32
50,0.5930,0.6012,16,3,1e-05,60,32
100,0.4721,0.5157,16,3,1e-05,60,32
150,0.4331,0.4705,16,3,1e-05,60,32
200,0.4130,0.4589,16,3,1e-05,60,32
250,0.3961,0.4528,16,3,1e-05,60,32
300,0.3798,0.4454,16,3,1e-05,60,32
350,0.3634,0.4360,16,3,1e-05,60,32
400,0.3475,0.4258,16,3,1e-05,60,32
450,0.3327,0.4163,16,3,1e-05,60,32
500,0.3196,0.4088,16,3,1e-05,60,32
550,0.3081,0.4039,16,3,1e-05,60,32
600,0.2977,0.4011,16,3,1e-05,60,32
50,0.4042,0.4532,16,3,5e-05,60,32
100,0.3325,0.4116,16,3,5e-05,60,32
150,0.2842,0.3972,16,3,5e-05,60,32
200,0.2371,0.3958,16,3,5e-05,60,32
250,0.2082,0.3959,16,3,5e-05,60,32
300,0.1901,0.3992,16,3,5e-05,60,32
350,0.1774,0.4025,16,3,5e-05,60,32
400,0.1681,0.4075,16,3,5e-05,60,32
450,0.1609,0.4146,16,3,5e-05,60,32
500,0.1553,0.4234,16,3,5e-05,60,32
550,0.1506,0.4319,16,3,5e-05,60,32
600,0.1464,0.4396,16,3,5e-05,60,32
50,0.3472,0.4126,16,3,0.0001,60,32
100,0.2625,0.3989,16,3,0.0001,60,32
150,0.1981,0.3990,16,3,0.0001,60,32
200,0.1738,0.4017,16,3,0.0001,60,32
250,0.1580,0.4162,16,3,0.0001,60,32
300,0.1505,0.4449,16,3,0.0001,60,32
350,0.1437,0.4600,16,3,0.0001,60,32
400,0.1373,0.4648,16,3,0.0001,60,32
450,0.1318,0.4669,16,3,0.0001,60,32
500,0.1269,0.4701,16,3,0.0001,60,32
550,0.1223,0.4754,16,3,0.0001,60,32
600,0.1179,0.4814,16,3,0.0001,60,32
50,0.2422,0.3874,16,3,0.0003,60,32
100,0.1892,0.4134,16,3,0.0003,60,32
150,0.1498,0.4261,16,3,0.0003,60,32
200,0.1299,0.4467,16,3,0.0003,60,32
250,0.1225,0.4580,16,3,0.0003,60,32
300,0.1050,0.4487,16,3,0.0003,60,32
350,0.0972,0.4534,16,3,0.0003,60,32
400,0.0930,0.4584,16,3,0.0003,60,32
450,0.0888,0.4573,16,3,0.0003,60,32
500,0.0846,0.4647,16,3,0.0003,60,32
550,0.1010,0.4474,16,3,0.0003,60,32
600,0.0850,0.4629,16,3,0.0003,60,32
50,0.1968,0.3984,16,3,0.0005,60,32
100,0.1383,0.3905,16,3,0.0005,60,32
150,0.1307,0.3925,16,3,0.0005,60,32
200,0.1267,0.4323,16,3,0.0005,60,32
250,0.1093,0.4178,16,3,0.0005,60,32
300,0.1009,0.4171,16,3,0.0005,60,32
350,0.0956,0.4069,16,3,0.0005,60,32
400,0.0981,0.4161,16,3,0.0005,60,32
450,0.0956,0.4021,16,3,0.0005,60,32
500,0.0830,0.4072,16,3,0.0005,60,32
550,0.0804,0.4064,16,3,0.0005,60,32
600,0.0840,0.4147,16,3,0.0005,60,32
50,0.1582,0.3910,16,3,0.001,60,32
100,0.1786,0.3882,16,3,0.001,60,32
150,0.1126,0.4222,16,3,0.001,60,32
200,0.0954,0.4198,16,3,0.001,60,32
250,0.0896,0.4343,16,3,0.001,60,32
300,0.0903,0.4212,16,3,0.001,60,32
350,0.0921,0.4308,16,3,0.001,60,32
400,0.0739,0.4181,16,3,0.001,60,32
450,0.0844,0.4164,16,3,0.001,60,32
500,0.0659,0.4155,16,3,0.001,60,32
550,0.0900,0.4476,16,3,0.001,60,32
600,0.0612,0.4202,16,3,0.001,60,32
50,0.6631,0.5451,16,2,1e-05,60,32
100,0.5102,0.5610,16,2,1e-05,60,32
150,0.4517,0.4987,16,2,1e-05,60,32
200,0.4247,0.4652,16,2,1e-05,60,32
250,0.4096,0.4518,16,2,1e-05,60,32
300,0.3985,0.4459,16,2,1e-05,60,32
350,0.3890,0.4426,16,2,1e-05,60,32
400,0.3803,0.4404,16,2,1e-05,60,32
450,0.3717,0.4384,16,2,1e-05,60,32
500,0.3627,0.4360,16,2,1e-05,60,32
550,0.3531,0.4331,16,2,1e-05,60,32
600,0.3429,0.4293,16,2,1e-05,60,32
50,0.4117,0.4499,16,2,5e-05,60,32
100,0.3662,0.4372,16,2,5e-05,60,32
150,0.3184,0.4187,16,2,5e-05,60,32
200,0.2738,0.4053,16,2,5e-05,60,32
250,0.2344,0.4033,16,2,5e-05,60,32
300,0.2008,0.4101,16,2,5e-05,60,32
350,0.1781,0.4143,16,2,5e-05,60,32
400,0.1627,0.4173,16,2,5e-05,60,32
450,0.1524,0.4184,16,2,5e-05,60,32
500,0.1450,0.4204,16,2,5e-05,60,32
550,0.1400,0.4244,16,2,5e-05,60,32
600,0.1360,0.4279,16,2,5e-05,60,32
50,0.3732,0.4381,16,2,0.0001,60,32
100,0.2846,0.4050,16,2,0.0001,60,32
150,0.2081,0.4040,16,2,0.0001,60,32
200,0.1680,0.4093,16,2,0.0001,60,32
250,0.1498,0.4214,16,2,0.0001,60,32
300,0.1402,0.4195,16,2,0.0001,60,32
350,0.1332,0.4323,16,2,0.0001,60,32
400,0.1254,0.4486,16,2,0.0001,60,32
450,0.1224,0.4610,16,2,0.0001,60,32
500,0.1139,0.4640,16,2,0.0001,60,32
550,0.1125,0.4640,16,2,0.0001,60,32
600,0.1081,0.4611,16,2,0.0001,60,32
50,0.2689,0.3869,16,2,0.0003,60,32
100,0.1654,0.3921,16,2,0.0003,60,32
150,0.1366,0.3989,16,2,0.0003,60,32
200,0.1160,0.4043,16,2,0.0003,60,32
250,0.1111,0.4140,16,2,0.0003,60,32
300,0.0986,0.4468,16,2,0.0003,60,32
350,0.1020,0.4295,16,2,0.0003,60,32
400,0.0875,0.4394,16,2,0.0003,60,32
450,0.0880,0.4386,16,2,0.0003,60,32
500,0.0774,0.4378,16,2,0.0003,60,32
550,0.0755,0.4381,16,2,0.0003,60,32
600,0.0754,0.4495,16,2,0.0003,60,32
50,0.2008,0.4058,16,2,0.0005,60,32
100,0.1461,0.4060,16,2,0.0005,60,32
150,0.1169,0.4385,16,2,0.0005,60,32
200,0.1103,0.3999,16,2,0.0005,60,32
250,0.0985,0.3795,16,2,0.0005,60,32
300,0.0919,0.3763,16,2,0.0005,60,32
350,0.0895,0.3962,16,2,0.0005,60,32
400,0.0946,0.3703,16,2,0.0005,60,32
450,0.0835,0.3891,16,2,0.0005,60,32
500,0.0742,0.3881,16,2,0.0005,60,32
550,0.0712,0.3952,16,2,0.0005,60,32
600,0.0730,0.4041,16,2,0.0005,60,32
50,0.1581,0.3943,16,2,0.001,60,32
100,0.1195,0.3870,16,2,0.001,60,32
150,0.1174,0.3883,16,2,0.001,60,32
200,0.1188,0.4014,16,2,0.001,60,32
250,0.0930,0.4096,16,2,0.001,60,32
300,0.0893,0.4131,16,2,0.001,60,32
350,0.0802,0.4020,16,2,0.001,60,32
400,0.0727,0.4098,16,2,0.001,60,32
450,0.0816,0.3979,16,2,0.001,60,32
500,0.0891,0.4095,16,2,0.001,60,32
550,0.0769,0.4184,16,2,0.001,60,32
600,0.0720,0.4244,16,2,0.001,60,32
50,0.8672,0.6010,16,1,1e-05,60,32
100,0.6013,0.5560,16,1,1e-05,60,32
150,0.5028,0.4901,16,1,1e-05,60,32
200,0.4607,0.4495,16,1,1e-05,60,32
250,0.4373,0.4264,16,1,1e-05,60,32
300,0.4223,0.4147,16,1,1e-05,60,32
350,0.4116,0.4095,16,1,1e-05,60,32
400,0.4031,0.4072,16,1,1e-05,60,32
450,0.3957,0.4063,16,1,1e-05,60,32
500,0.3890,0.4059,16,1,1e-05,60,32
550,0.3825,0.4054,16,1,1e-05,60,32
600,0.3762,0.4048,16,1,1e-05,60,32
50,0.4460,0.4309,16,1,5e-05,60,32
100,0.3922,0.4043,16,1,5e-05,60,32
150,0.3602,0.3993,16,1,5e-05,60,32
200,0.3258,0.3878,16,1,5e-05,60,32
250,0.2927,0.3794,16,1,5e-05,60,32
300,0.2636,0.3787,16,1,5e-05,60,32
350,0.2371,0.3833,16,1,5e-05,60,32
400,0.2175,0.3889,16,1,5e-05,60,32
450,0.2022,0.3943,16,1,5e-05,60,32
500,0.1887,0.3989,16,1,5e-05,60,32
550,0.1777,0.4011,16,1,5e-05,60,32
600,0.1694,0.4003,16,1,5e-05,60,32
50,0.3963,0.4037,16,1,0.0001,60,32
100,0.3302,0.3872,16,1,0.0001,60,32
150,0.2667,0.3799,16,1,0.0001,60,32
200,0.2203,0.3890,16,1,0.0001,60,32
250,0.1903,0.3983,16,1,0.0001,60,32
300,0.1707,0.4000,16,1,0.0001,60,32
350,0.1581,0.3958,16,1,0.0001,60,32
400,0.1484,0.3930,16,1,0.0001,60,32
450,0.1410,0.3940,16,1,0.0001,60,32
500,0.1355,0.3973,16,1,0.0001,60,32
550,0.1312,0.4021,16,1,0.0001,60,32
600,0.1273,0.4083,16,1,0.0001,60,32
50,0.2834,0.3830,16,1,0.0003,60,32
100,0.1779,0.4173,16,1,0.0003,60,32
150,0.1436,0.3998,16,1,0.0003,60,32
200,0.1315,0.3986,16,1,0.0003,60,32
250,0.1261,0.4011,16,1,0.0003,60,32
300,0.1200,0.4051,16,1,0.0003,60,32
350,0.1144,0.4116,16,1,0.0003,60,32
400,0.1090,0.4175,16,1,0.0003,60,32
450,0.1039,0.4203,16,1,0.0003,60,32
500,0.1025,0.4188,16,1,0.0003,60,32
550,0.0943,0.4369,16,1,0.0003,60,32
600,0.0938,0.4257,16,1,0.0003,60,32
50,0.2098,0.4352,16,1,0.0005,60,32
100,0.1488,0.4390,16,1,0.0005,60,32
150,0.1347,0.4174,16,1,0.0005,60,32
200,0.1254,0.4150,16,1,0.0005,60,32
250,0.1173,0.4132,16,1,0.0005,60,32
300,0.1104,0.4154,16,1,0.0005,60,32
350,0.1033,0.4311,16,1,0.0005,60,32
400,0.0974,0.4325,16,1,0.0005,60,32
450,0.0917,0.4492,16,1,0.0005,60,32
500,0.0854,0.4349,16,1,0.0005,60,32
550,0.0900,0.4402,16,1,0.0005,60,32
600,0.1000,0.4311,16,1,0.0005,60,32
50,0.1726,0.4330,16,1,0.001,60,32
100,0.1423,0.4191,16,1,0.001,60,32
150,0.1257,0.4580,16,1,0.001,60,32
200,0.1143,0.4632,16,1,0.001,60,32
250,0.1139,0.4998,16,1,0.001,60,32
300,0.1024,0.4938,16,1,0.001,60,32
350,0.1014,0.5052,16,1,0.001,60,32
400,0.0908,0.5263,16,1,0.001,60,32
450,0.0840,0.5171,16,1,0.001,60,32
500,0.0930,0.5035,16,1,0.001,60,32
550,0.0872,0.5392,16,1,0.001,60,32
600,0.0809,0.5269,16,1,0.001,60,32
